id,direction,entry_price,exit_price,position_size,pnl,pnl_pct,duration_sec,exit_reason,confidence,source
trade_0,SHORT,2440.9737057114394,2419.8033948079146,0.020483629087445308,0.4336447962137001,0.0001776523832268448,600.0,take_profit,0.6,ema_crossover
trade_1,LONG,2387.242967978577,2375.0326031663258,0.020945571479186693,-0.25575306896195144,-0.00010713323796216396,300.0,stop_loss,0.6,ema_crossover
trade_2,SHORT,2365.846757365468,2390.5895760066305,0.021134458224300066,-0.522926066923083,-0.00022103125035257857,600.0,stop_loss,0.6,ema_crossover
trade_3,LONG,2390.5895760066305,2373.760814967486,0.020914620949624256,-0.35196715818551016,-0.00014723027395336302,600.0,stop_loss,0.6,ema_crossover
trade_4,SHORT,2359.3912892066123,2339.3716937149834,0.021190429591406577,0.42422382871380343,0.0001798022357098963,300.0,take_profit,0.6,ema_crossover
trade_5,LONG,2385.25116482422,2403.481285537808,0.020961581257770357,0.3821321566768447,0.00016020625513666012,1200.0,take_profit,0.6,ema_crossover
trade_6,SHORT,2414.366501134508,2448.111618568325,0.0207095926608253,-0.6988476363460662,-0.0002894538323066024,900.0,stop_loss,0.6,ema_crossover
trade_7,LONG,2448.111618568325,2431.801294952883,0.02042270138135883,-0.3331008686314975,-0.00013606441230253118,600.0,stop_loss,0.6,ema_crossover
trade_8,SHORT,2468.165315847933,2417.2313979561513,0.020256093345488477,1.0317221952673752,0.0004180117873963921,600.0,take_profit,0.6,ema_crossover
trade_9,LONG,2432.0963121580253,2413.6707144229213,0.020558620721941354,-0.37880487541106517,-0.00015575241552623692,300.0,stop_loss,0.6,ema_crossover
trade_10,SHORT,2399.6885705785116,2378.813890503004,0.020835475165203836,0.4349338782948121,0.00018124596817576175,600.0,take_profit,0.6,ema_crossover
trade_11,LONG,2405.6098173064256,2397.495740359571,0.020785094044008242,-0.16865185242069558,-7.010773368456568e-05,900.0,stop_loss,0.6,ema_crossover
trade_12,SHORT,2385.2054895710844,2405.7985913210614,0.020962547355042604,-0.43168387062110347,-0.00018098393304416313,300.0,stop_loss,0.6,ema_crossover
trade_13,LONG,2206.324414218285,2198.0601817352626,0.02266113917114174,-0.18727692244043564,-8.488186108695582e-05,300.0,stop_loss,0.6,ema_crossover
trade_14,SHORT,2178.395492335629,2184.70370331637,0.022951244803151208,-0.1447812944889138,-6.646235497562584e-05,900.0,stop_loss,0.6,ema_crossover
trade_15,LONG,2195.461229038311,2184.572611329737,0.022772510693848027,-0.24796116320972902,-0.00011294262906129511,300.0,stop_loss,0.6,ema_crossover
trade_16,SHORT,2184.572611329737,2204.525061912763,0.022885448737708012,-0.45662078500949144,-0.00020902064900078966,300.0,stop_loss,0.6,ema_crossover
trade_17,LONG,2204.525061912763,2229.603797697091,0.02267728422333576,0.5687176193431535,0.0002579773889482136,3000.0,take_profit,0.6,ema_crossover
trade_18,SHORT,2176.4675952813527,2184.3473031853086,0.022970930099281518,-0.1810042194645278,-8.316421519757537e-05,600.0,stop_loss,0.6,ema_crossover
trade_19,LONG,2099.136487234479,2086.8180729799897,0.023816736204384525,-0.2933844227554993,-0.00013976433859335204,300.0,stop_loss,0.6,ema_crossover
trade_20,SHORT,2072.946434230808,2082.7878881956685,0.024116934343216035,-0.23734569911232736,-0.00011449678351211105,900.0,stop_loss,0.6,ema_crossover
trade_21,LONG,2090.4134336265174,2116.810987081563,0.02391485125319206,0.6312935643255981,0.00030199459789655554,1500.0,take_profit,0.6,ema_crossover
trade_22,SHORT,2117.9580298783517,2128.4169149592617,0.023605322714324896,-0.24688535756691912,-0.00011656763452536374,300.0,stop_loss,0.6,ema_crossover
trade_23,LONG,2134.7191716232724,2130.3987143661434,0.02341940290247656,-0.10118252922763199,-4.7398519942410635e-05,300.0,stop_loss,0.6,ema_crossover
trade_24,SHORT,2142.222471765681,2150.465560021913,0.02333713846724535,-0.19237009203341285,-8.979930636002335e-05,600.0,stop_loss,0.6,ema_crossover
trade_25,LONG,2112.6702615446684,2099.9582173150957,0.023663125055884696,-0.3008066923203165,-0.00014238222490072026,300.0,stop_loss,0.6,ema_crossover
trade_26,SHORT,2123.192322540769,2130.391122419333,0.023545147576407834,-0.16949680551381457,-7.983111266669528e-05,300.0,stop_loss,0.6,ema_crossover
trade_27,LONG,2121.96182817576,2108.526229726213,0.02355840167316635,-0.3165212249937966,-0.00014916442925173086,1200.0,stop_loss,0.6,ema_crossover
trade_28,SHORT,2072.753004756036,2055.6994494333626,0.024116933548022832,0.4112794604744411,0.00019842183778324756,300.0,take_profit,0.6,ema_crossover
trade_29,LONG,2082.2105855539435,2075.250122234939,0.02400837995027725,-0.1671094479926218,-8.025578639932073e-05,300.0,stop_loss,0.6,ema_crossover
trade_30,SHORT,2054.2532975922118,2035.7951912714686,0.02433471441220088,0.44917274590532397,0.0002186549956774069,600.0,take_profit,0.6,ema_crossover
trade_31,LONG,1977.543807537547,1997.3106063310506,0.025279800629654937,0.49970073258627323,0.0002526875666074394,2100.0,take_profit,0.6,ema_crossover
trade_32,SHORT,2117.18677336503,2124.0911678986904,0.02361360477194005,-0.1630376437073965,-7.700673637227883e-05,300.0,stop_loss,0.6,ema_crossover
trade_33,LONG,2166.221719095848,2156.7923935716076,0.023078707071254437,-0.21761664165345007,-0.00010045908031255468,300.0,stop_loss,0.6,ema_crossover
trade_34,SHORT,2155.0598702377006,2164.604047835327,0.023197735298964066,-0.22140330555604135,-0.00010273649869950983,600.0,stop_loss,0.6,ema_crossover
trade_35,LONG,1995.066147887872,2012.3864126563976,0.025057515741816846,0.4340028070897685,0.0002175380538380829,300.0,take_profit,0.6,ema_crossover
trade_36,SHORT,1947.3627204253794,1956.4869059572504,0.02567244966555648,-0.23424019380615785,-0.00012028585704618538,300.0,stop_loss,0.6,ema_crossover
trade_37,LONG,1992.8298323911738,1977.9668602831334,0.025086136009790337,-0.3728545398120208,-0.00018709803203048044,300.0,stop_loss,0.6,ema_crossover
trade_38,SHORT,1955.4616583797501,1965.829891191549,0.025564569743829493,-0.2650594108374934,-0.000135548252609113,300.0,stop_loss,0.6,ema_crossover
trade_39,LONG,1979.1668580742974,1971.8056561662984,0.025257703990970343,-0.1859270588100042,-9.394208378716928e-05,300.0,stop_loss,0.6,ema_crossover
trade_40,SHORT,1965.7485386055828,1950.2161613167239,0.025429641702872582,0.3949827892495179,0.00020093251069116993,600.0,take_profit,0.6,ema_crossover
trade_41,LONG,1985.2475098837244,1979.7497609746981,0.025180868219076388,-0.13843809077976257,-6.973341615619045e-05,2100.0,stop_loss,0.6,ema_crossover
trade_42,SHORT,1987.2784057784165,1963.9426686379757,0.02515478636149967,0.5870054823559032,0.0002953816036288953,1500.0,take_profit,0.6,ema_crossover
trade_43,LONG,1900.4401776143302,1894.4921600376458,0.026305747139247663,-0.1564670463520599,-8.233200297232028e-05,900.0,stop_loss,0.6,ema_crossover
trade_44,SHORT,1881.1484514244648,1861.501945842017,0.02657510436909029,0.5221079363414665,0.00027754743967500805,2700.0,take_profit,0.6,ema_crossover
trade_45,LONG,1786.3285314538152,1780.3064642164825,0.02798719613426945,-0.1685407769049898,-9.435038064796613e-05,1200.0,stop_loss,0.6,ema_crossover
trade_46,SHORT,1811.952741897426,1796.306655548932,0.0275909426941252,0.4316902718286328,0.00023824587796731324,300.0,take_profit,0.6,ema_crossover
trade_47,LONG,1852.398452265436,1866.9404905021709,0.02698968067932181,0.3924849684359636,0.00021187934375348054,1500.0,take_profit,0.6,ema_crossover
trade_48,SHORT,1855.6625771776419,1866.6249995128676,0.02694326315423129,-0.29536342978580904,-0.00015916871602543182,2100.0,stop_loss,0.6,ema_crossover
trade_49,LONG,1871.5486440650507,1860.4391680160782,0.02671377443688263,-0.2967760372842017,-0.00015857244118410766,900.0,stop_loss,0.6,ema_crossover
trade_50,SHORT,1836.2857051134208,1842.6783315671391,0.02722596179113254,-0.17404540357391815,-9.478122227345226e-05,900.0,stop_loss,0.6,ema_crossover
trade_51,LONG,1839.1641352657437,1832.0614992321491,0.027182877949487275,-0.19307008842083065,-0.00010497708427363045,900.0,stop_loss,0.6,ema_crossover
trade_52,SHORT,1814.9390135604303,1822.0383382960226,0.027545172864783064,-0.19555212706511996,-0.00010774583917368022,300.0,stop_loss,0.6,ema_crossover
trade_53,LONG,1833.957884310037,1825.2962614502962,0.02725898535327232,-0.23610705066923898,-0.00012874180628093653,600.0,stop_loss,0.6,ema_crossover
trade_54,SHORT,1889.1976560519315,1901.0014535521796,0.026461313040237047,-0.31234398071763086,-0.0001653315521099953,300.0,stop_loss,0.6,ema_crossover
trade_55,LONG,1882.8072188607084,1899.6662069655174,0.026550295936307904,0.4476111233693733,0.00023773603525921469,600.0,take_profit,0.6,ema_crossover
trade_56,SHORT,1952.1982335812015,1932.9505747615865,0.025607710347979942,0.49288847192944313,0.000252478699883498,300.0,take_profit,0.6,ema_crossover
trade_57,LONG,1958.855207127976,1952.4958624905453,0.025521943208372602,-0.16230283267897505,-8.285596203761245e-05,300.0,stop_loss,0.6,ema_crossover
trade_58,SHORT,1943.593427128268,1949.717190599337,0.02572193296076755,-0.1575150334704332,-8.104320135676089e-05,1800.0,stop_loss,0.6,ema_crossover
trade_59,LONG,1949.717190599337,1967.959507829643,0.025640740360424765,0.46774651967477515,0.0002399048035941004,900.0,take_profit,0.6,ema_crossover
trade_60,SHORT,1939.938978802123,1925.2152690034775,0.025771187413267758,0.3794474846394623,0.00019559763929985274,300.0,take_profit,0.6,ema_crossover
trade_61,LONG,1942.167622922222,1920.4037965614707,0.02574259175179247,-0.5602572969617228,-0.0002884701044077488,300.0,stop_loss,0.6,ema_crossover
trade_62,SHORT,1912.0656382684967,1919.4748193949868,0.02614639683040575,-0.19372338992156055,-0.0001013162864518553,300.0,stop_loss,0.6,ema_crossover
trade_63,LONG,1918.9758020441689,1897.2339608017858,0.026051739825873475,-0.56641279138201,-0.0002951641134706569,300.0,stop_loss,0.6,ema_crossover
trade_64,SHORT,1897.2339608017858,1908.1880392942774,0.02634879371541429,-0.28862675454111725,-0.0001521302909943386,900.0,stop_loss,0.6,ema_crossover
trade_65,LONG,1921.447669492976,1914.3955959465704,0.026016000291313,-0.183466747437649,-9.548360350925481e-05,600.0,stop_loss,0.6,ema_crossover
trade_66,SHORT,1896.4194852396863,1907.279406697607,0.02635886531677188,-0.2862552070600551,-0.0001509450885144621,300.0,stop_loss,0.6,ema_crossover
trade_67,LONG,1919.6434610434553,1896.9790955054552,0.026039228395219122,-0.5901625906767175,-0.0003074334388928267,3900.0,stop_loss,0.6,ema_crossover
trade_68,SHORT,1883.7735640496292,1889.3505102829158,0.026533488238944854,-0.14797583729013947,-7.855287923885577e-05,300.0,stop_loss,0.6,ema_crossover
trade_69,LONG,1936.1276267308447,1923.1496572737053,0.025815624516321224,-0.3350343864897947,-0.00017304354416733413,600.0,stop_loss,0.6,ema_crossover
trade_70,SHORT,2005.3352259857568,1983.8735273960542,0.024923847149225797,0.5349080952125016,0.00026674248189579295,900.0,take_profit,0.6,ema_crossover
trade_71,LONG,2030.7172775046015,2055.748197140866,0.024613639598971688,0.6161020347578396,0.0003033913393965515,1200.0,take_profit,0.6,ema_crossover
trade_72,SHORT,1999.5951234143915,2004.3851505877758,0.024998272460638498,-0.11974240437412181,-5.988332486511404e-05,900.0,stop_loss,0.6,ema_crossover
trade_73,LONG,1960.6452638874227,1977.4408583887623,0.025494578705658844,0.42819660592273245,0.00021839575664683769,900.0,take_profit,0.6,ema_crossover
trade_74,SHORT,1972.2076981747496,1956.6273439521358,0.02534619757510729,0.39490273641652596,0.000200233847977575,1200.0,take_profit,0.6,ema_crossover
trade_75,LONG,2015.8301334099517,2007.1755422565332,0.024798686983711526,-0.21462249698562552,-0.0001064685428739836,300.0,stop_loss,0.6,ema_crossover
trade_76,SHORT,2151.761916945099,2161.3184409359756,0.02323159778255214,-0.2220133215553525,-0.00010317745648670528,600.0,stop_loss,0.6,ema_crossover
trade_77,LONG,2186.397324197285,2212.6007854894087,0.0228630710248544,0.5990915966188506,0.0002740085665073714,300.0,take_profit,0.6,ema_crossover
trade_78,SHORT,2211.646555245819,2231.208983122288,0.022603409505503415,-0.4421775682137038,-0.00019993138920181434,1200.0,stop_loss,0.6,ema_crossover
trade_79,LONG,2235.332239880965,2259.3991442589327,0.022362913659974826,0.5382061046673596,0.00024077230895037775,1200.0,take_profit,0.6,ema_crossover
trade_80,SHORT,2418.3505737092564,2436.5567381014016,0.020671623649528674,-0.3763509784158752,-0.0001556230029290706,300.0,stop_loss,0.6,ema_crossover
trade_81,LONG,2436.5567381014016,2479.916796701116,0.02051639117437495,0.8895919235755569,0.0003651020760832925,900.0,take_profit,0.6,ema_crossover
trade_82,SHORT,2437.42892766028,2445.536905795009,0.02051087461452876,-0.16630172289876544,-6.8228337249776e-05,600.0,stop_loss,0.6,ema_crossover
trade_83,LONG,2496.7788754737535,2479.0281800017565,0.020022985655453705,-0.3554219208101231,-0.0001423521819659273,300.0,stop_loss,0.6,ema_crossover
trade_84,SHORT,2447.648163980367,2457.721671309112,0.020424173389998603,-0.20574306032771175,-8.405744884229287e-05,600.0,stop_loss,0.6,ema_crossover
trade_85,LONG,2483.4079344966613,2516.189656325046,0.02012966178014453,0.6598849729761689,0.00026571751012381087,1200.0,take_profit,0.6,ema_crossover
trade_86,SHORT,2522.9580193488764,2537.1693606292233,0.019815415407233878,-0.28160363096404506,-0.0001116164552895419,900.0,stop_loss,0.6,ema_crossover
trade_87,LONG,2562.396253993129,2555.5010077713014,0.019509883809871207,-0.13452545262831028,-5.249986313345235e-05,300.0,stop_loss,0.6,ema_crossover
trade_88,SHORT,2499.5609080637464,2512.821963254357,0.020000064972098334,-0.2652219654107914,-0.00010610742252976034,300.0,stop_loss,0.6,ema_crossover
trade_89,LONG,2528.000379369619,2553.112382575272,0.019774543888965112,0.496578409530015,0.00019643130340583315,900.0,take_profit,0.6,ema_crossover
trade_90,SHORT,2716.182429049022,2735.302922651814,0.01840544170028955,-0.35192113028694033,-0.0001295646148517916,600.0,stop_loss,0.6,ema_crossover
trade_91,LONG,2767.111917963273,2753.200058051599,0.01806604836437437,-0.2513323340026975,-9.082839489473565e-05,600.0,stop_loss,0.6,ema_crossover
trade_92,SHORT,2706.356361351358,2717.3552381587406,0.0184711525029653,-0.20316193087049317,-7.506843288333575e-05,600.0,stop_loss,0.6,ema_crossover
trade_93,LONG,2615.453912281165,2590.418122953102,0.019112745605460703,-0.47850267245917505,-0.00018295205670125202,600.0,stop_loss,0.6,ema_crossover
trade_94,SHORT,2558.4116338773215,2563.7563549086008,0.019537947722321616,-0.1044248800995274,-4.0816293483339705e-05,300.0,stop_loss,0.6,ema_crossover
trade_95,LONG,2599.3196398857467,2579.382820444293,0.019230259281490737,-0.38339020710742067,-0.0001474963683667133,900.0,stop_loss,0.6,ema_crossover
trade_96,SHORT,2544.642082578307,2521.4175285163674,0.0196427128285144,0.4561932460089886,0.0001792759968611224,600.0,take_profit,0.6,ema_crossover
trade_97,LONG,2532.853913845741,2521.3355756416668,0.019735032633513686,-0.22731478034124974,-8.974650259086911e-05,300.0,stop_loss,0.6,ema_crossover
trade_98,SHORT,2601.367248657942,2614.1737559969674,0.019214825625852812,-0.24607480539557547,-9.459441204333093e-05,300.0,stop_loss,0.6,ema_crossover
trade_99,LONG,2633.722451141623,2611.641548110889,0.018978304899240163,-0.41905811016782857,-0.00015911247974750799,600.0,stop_loss,0.6,ema_crossover
trade_100,SHORT,2610.9685636752392,2580.7548003567586,0.01914289321692725,0.5783788448871894,0.00022151888495855902,2700.0,take_profit,0.6,ema_crossover
trade_101,LONG,2609.2865844321677,2644.194830880874,0.01915634127720434,0.6687142823601772,0.00025628242077736454,300.0,take_profit,0.6,ema_crossover
trade_102,LONG,2652.2918622214765,2635.6214286825025,0.018846993645321185,-0.31418755497379336,-0.00011845889189232731,600.0,stop_loss,0.6,ema_crossover
trade_103,SHORT,2635.6214286825025,2660.240870288712,0.018965605754707168,-0.4669226234044025,-0.00017715845618913802,900.0,stop_loss,0.6,ema_crossover
trade_104,LONG,2666.029045113607,2651.540002790356,0.018748416268586986,-0.27164659680948333,-0.00010189183696530497,300.0,stop_loss,0.6,ema_crossover
trade_105,SHORT,2647.257032012867,2665.4592171219465,0.01888085043670455,-0.3436727346657395,-0.00012982220105934507,300.0,stop_loss,0.6,ema_crossover
trade_106,LONG,2697.349329159429,2727.6510978580154,0.018529578347514754,0.5614789971687256,0.00020815954059005714,600.0,take_profit,0.6,ema_crossover
trade_107,SHORT,2700.694937872661,2676.495005190875,0.018507663497763997,0.4478842107430343,0.00016584035629578844,600.0,take_profit,0.6,ema_crossover
trade_108,LONG,2755.8184358917997,2809.291614964654,0.01813827496409061,0.9699112252274859,0.0003519503362759153,600.0,take_profit,0.6,ema_crossover
trade_109,SHORT,2722.6114558566555,2734.7279865001683,0.01836128397605394,-0.2224750599500974,-8.171384847130043e-05,900.0,stop_loss,0.6,ema_crossover
trade_110,LONG,2707.84066724966,2741.9719486205545,0.01846103071231147,0.6300986336386297,0.0002326941319921226,600.0,take_profit,0.6,ema_crossover
trade_111,SHORT,2737.6383131084076,2756.7522544767094,0.018261243633220035,-0.3490443401176417,-0.0001274983398816204,600.0,stop_loss,0.6,ema_crossover
trade_112,LONG,2750.720227567465,2740.934162252931,0.01817376209059904,-0.17784962282940367,-6.465565674291813e-05,600.0,stop_loss,0.6,ema_crossover
trade_113,SHORT,2721.334618465764,2694.7800212526668,0.018369679864536043,0.48779944973629596,0.0001792500806134998,900.0,take_profit,0.6,ema_crossover
trade_114,LONG,2688.3737897131314,2670.0156268097826,0.018595808713072842,-0.34138488567410397,-0.00012698564722673188,300.0,stop_loss,0.6,ema_crossover
trade_115,SHORT,2621.294162981699,2594.864309610509,0.01907102931227362,0.5040445083610648,0.00019228841824746546,2400.0,take_profit,0.6,ema_crossover
trade_116,LONG,2640.7924164373762,2623.1967339399216,0.018931172980382223,-0.33310690906719725,-0.00012613899789843498,1500.0,stop_loss,0.6,ema_crossover
trade_117,SHORT,2575.0128959636563,2582.6417262201335,0.01941412898734383,-0.14810709462179888,-5.7517030246317364e-05,600.0,stop_loss,0.6,ema_crossover
trade_118,LONG,2534.6684371956208,2560.5545145379833,0.01972285259769497,0.5105472877559485,0.0002014256698287617,600.0,take_profit,0.6,ema_crossover
trade_119,SHORT,2547.5337100876445,2559.7796848246426,0.019624252471837918,-0.24031810000259868,-9.433362905110718e-05,600.0,stop_loss,0.6,ema_crossover
trade_120,LONG,2609.6117759411572,2596.4069314180506,0.0191569656366791,-0.25296475276684444,-9.693577991140565e-05,1200.0,stop_loss,0.6,ema_crossover
trade_121,SHORT,2628.9425472092585,2668.8555639440624,0.01901562221132665,-0.75897084754339,-0.00028869814912808645,600.0,stop_loss,0.6,ema_crossover
trade_122,LONG,2668.8555639440624,2699.3531434281904,0.018729819670310198,0.571214164118669,0.00021402962821806767,900.0,take_profit,0.6,ema_crossover
trade_123,SHORT,2869.287978216264,2837.7014368583687,0.01742245459121673,0.5503150825015215,0.00019179499815965951,900.0,take_profit,0.6,ema_crossover
trade_124,LONG,2903.981092144102,2927.3129223874657,0.017215260533290228,0.40166353635800445,0.00013831479049384698,300.0,take_profit,0.6,ema_crossover
trade_125,SHORT,2962.553581999832,2974.6177843947353,0.01687557643056801,-0.20359036958902854,-6.872124468094771e-05,1200.0,stop_loss,0.6,ema_crossover
trade_126,LONG,2984.9197239346813,3018.6332070172707,0.016748785922102497,0.5646599108387139,0.00018917088667777865,2100.0,take_profit,0.6,ema_crossover
trade_127,SHORT,2976.897651278546,2942.2887931981563,0.016794868553483673,0.5812512222463185,0.00019525401620599126,900.0,take_profit,0.6,ema_crossover
trade_128,LONG,3002.4000105414193,2987.177297716189,0.016653181065467797,-0.2535065929861781,-8.443464964565583e-05,300.0,stop_loss,0.6,ema_crossover
trade_129,SHORT,3224.649344353434,3184.136569507829,0.01550501717685796,0.6281512698632883,0.00019479676789143635,300.0,take_profit,0.6,ema_crossover
trade_130,LONG,3040.828527025765,3028.293402004156,0.016443342261985232,-0.20611935102709214,-6.778394414389998e-05,600.0,stop_loss,0.6,ema_crossover
trade_131,SHORT,3125.2879296639917,3135.3073052281115,0.01599863908811551,-0.1602963735386373,-5.129011378989046e-05,300.0,stop_loss,0.6,ema_crossover
trade_132,LONG,3197.4679009735755,3222.834418031997,0.015637233492178673,0.39666215012586753,0.00012405508433879526,300.0,take_profit,0.6,ema_crossover
trade_133,SHORT,3257.6826709698116,3271.5527619095747,0.015348804813802021,-0.21288931858410662,-6.534992511125385e-05,300.0,stop_loss,0.6,ema_crossover
trade_134,LONG,3318.7652031404136,3303.6251668256596,0.015065986279509776,-0.2280995793893646,-6.873025520863096e-05,2100.0,stop_loss,0.6,ema_crossover
trade_135,SHORT,3280.2071462688455,3240.007515593688,0.01524273568344731,0.6127523449536271,0.0001868029418967085,1200.0,take_profit,0.6,ema_crossover
trade_136,LONG,3253.197919974463,3243.595084732796,0.01537022815988038,-0.14759776864616153,-4.53700550279831e-05,300.0,stop_loss,0.6,ema_crossover
trade_137,SHORT,3212.98679379663,3220.460518497416,0.01556235972925616,-0.11630879231106032,-3.6199586171850984e-05,900.0,stop_loss,0.6,ema_crossover
trade_138,LONG,3237.696811726577,3274.5825086864766,0.015443408587657952,0.5696408891922629,0.0001759401581794463,600.0,take_profit,0.6,ema_crossover
trade_139,SHORT,3295.5079393867577,3309.068893774073,0.01517335836253573,-0.20576522065673436,-6.243808980020968e-05,600.0,stop_loss,0.6,ema_crossover
trade_140,LONG,3200.126492841328,3184.8985102843603,0.015625286761835812,-0.23794159425685277,-7.435380907258738e-05,300.0,stop_loss,0.6,ema_crossover
trade_141,SHORT,3172.7261180751375,3183.8422179474064,0.01575985526514906,-0.1751881250999003,-5.521690766241912e-05,300.0,stop_loss,0.6,ema_crossover
trade_142,LONG,3215.494469642491,3241.2324125840773,0.015549965626828194,0.40022412804693425,0.0001244673663181366,600.0,take_profit,0.6,ema_crossover
trade_143,SHORT,3310.3467485259976,3280.7004820982875,0.015105012675515622,0.44780723017227414,0.00013527502228329098,900.0,take_profit,0.6,ema_crossover
trade_144,LONG,3274.564971268125,3308.0833723595333,0.015270751709538611,0.5118511807676215,0.00015631120019261651,1500.0,take_profit,0.6,ema_crossover
trade_145,SHORT,3357.6924489096004,3324.7257298579393,0.014893450978552733,0.49098821411963545,0.00014622786976189027,300.0,take_profit,0.6,ema_crossover
trade_146,LONG,3267.429016638431,3259.3062019566255,0.015305637115695742,-0.12432485387776394,-3.804974897531846e-05,600.0,stop_loss,0.6,ema_crossover
trade_147,SHORT,3245.367953240839,3265.2514689987174,0.015409488824141912,-0.306394813855675,-9.440988457093371e-05,300.0,stop_loss,0.6,ema_crossover
trade_148,LONG,3297.634544467396,3276.586811453138,0.015164788140494377,-0.3191844119989121,-9.679193000158963e-05,600.0,stop_loss,0.6,ema_crossover
trade_149,SHORT,3239.2079678239766,3256.311378238946,0.015437827335043518,-0.26403949682668265,-8.151359821581883e-05,600.0,stop_loss,0.6,ema_crossover
trade_150,LONG,3306.413123272796,3299.623951103075,0.01512364343103714,-0.1026770190867818,-3.105389897108463e-05,900.0,stop_loss,0.6,ema_crossover
trade_151,SHORT,3244.392413146733,3252.6925418340334,0.015412592978691152,-0.12792650512812004,-3.943003460670907e-05,300.0,stop_loss,0.6,ema_crossover
trade_152,LONG,3211.553192260445,3247.163567529867,0.015569992804404843,0.5544532867070582,0.00017264334529574064,1800.0,take_profit,0.6,ema_crossover
trade_153,SHORT,3209.7456697128237,3179.9977045941673,0.01557962452687604,0.4634621269872712,0.00014439216519878886,900.0,take_profit,0.6,ema_crossover
trade_154,LONG,2847.0002548815437,2839.160615523761,0.017565488301513252,-0.13770709342721565,-4.836918900555044e-05,300.0,stop_loss,0.6,ema_crossover
trade_155,SHORT,2939.689798131631,2946.2469196735074,0.01701140751920269,-0.11154586670180065,-3.794477457202984e-05,300.0,stop_loss,0.6,ema_crossover
trade_156,LONG,2984.3587664473516,3008.7780998213375,0.016756599095576124,0.4091849795291034,0.0001371098488993689,1200.0,take_profit,0.6,ema_crossover
trade_157,SHORT,3183.5105212049302,3154.093959864755,0.015708994519891134,0.4621046008868524,0.0001451556694437906,900.0,take_profit,0.6,ema_crossover
trade_158,LONG,3058.394669311905,3111.8175900838314,0.016352389165614278,0.873592390826318,0.0002856375599892292,900.0,take_profit,0.6,ema_crossover
trade_159,SHORT,3132.14218762001,3142.086747955193,0.015968760299029744,-0.15880230027177325,-5.070085927115613e-05,300.0,stop_loss,0.6,ema_crossover
trade_160,LONG,3148.837759712078,3141.170868207648,0.01588383956931923,-0.12177967465174536,-3.867448371264469e-05,300.0,stop_loss,0.6,ema_crossover
trade_161,SHORT,3137.797925570478,3159.664061746047,0.01593953023524127,-0.3485359386983843,-0.00011107660434666694,1200.0,stop_loss,0.6,ema_crossover
trade_162,LONG,3174.5189355997572,3199.1476792036606,0.01575460195437944,0.38801605211596557,0.00012222829977943044,600.0,take_profit,0.6,ema_crossover
trade_163,SHORT,3143.465825796009,3107.6949035599364,0.015910852886275573,0.5691458813045562,0.00018105680571871126,600.0,take_profit,0.6,ema_crossover
trade_164,LONG,3134.7493384923064,3163.8071716973477,0.015956002421788008,0.4636468569915515,0.0001479055601984903,600.0,take_profit,0.6,ema_crossover
trade_165,SHORT,3086.639797191264,3117.3533250215796,0.016205449795756336,-0.4977265333047477,-0.00016125190045098938,300.0,stop_loss,0.6,ema_crossover
trade_166,LONG,3117.3533250215796,3099.214070784724,0.016044988303644977,-0.29104412206719354,-9.336257129761793e-05,600.0,stop_loss,0.6,ema_crossover
trade_167,SHORT,3099.214070784724,3109.723430143963,0.016138427767600282,-0.16960453690283533,-5.4725015126138517e-05,5100.0,stop_loss,0.6,ema_crossover
trade_168,LONG,3120.4046942080804,3144.5319409990684,0.016028560169724558,0.38672502691914507,0.00012393425366810987,900.0,take_profit,0.6,ema_crossover
trade_169,SHORT,3190.0335496104317,3222.604959705541,0.015679310967199055,-0.5106972675213887,-0.00016009150360934456,300.0,stop_loss,0.6,ema_crossover
trade_170,LONG,3242.684383085095,3286.9098087504967,0.015423941594407605,0.6821303824509736,0.0002103597827803376,600.0,take_profit,0.6,ema_crossover
trade_171,SHORT,3285.5998027055816,3307.0217499227388,0.01522351722340802,-0.32611738241932925,-9.925657475106448e-05,300.0,stop_loss,0.6,ema_crossover
trade_172,LONG,3307.0217499227388,3343.030693494017,0.015124410536450464,0.544614045555894,0.0001646841438429057,1800.0,take_profit,0.6,ema_crossover
trade_173,SHORT,3267.071749971776,3282.5068142980945,0.015310186459621589,-0.2363137128521866,-7.233196297394696e-05,300.0,stop_loss,0.6,ema_crossover
trade_174,LONG,3325.86047861957,3310.4742623099382,0.015039204567362489,-0.23139645459824315,-6.95749133452184e-05,1800.0,stop_loss,0.6,ema_crossover
trade_175,SHORT,3382.452609976426,3342.1837526192853,0.014787240173201256,0.5954652652404243,0.00017604541257551406,900.0,take_profit,0.6,ema_crossover
trade_176,LONG,3388.2624227387396,3378.514748809725,0.014762763388346905,-0.14390260380080008,-4.247091454164383e-05,300.0,stop_loss,0.6,ema_crossover
trade_177,SHORT,3323.4907730692375,3289.961661759837,0.015050259003820619,0.5046218093744068,0.00015183487598745144,600.0,take_profit,0.6,ema_crossover
trade_178,LONG,3366.656171667029,3393.073107757709,0.01485804236901867,0.39250395569498014,0.00011658569681044334,300.0,take_profit,0.6,ema_crossover
trade_179,SHORT,3347.905182269503,3320.0380292382874,0.014941845672706544,0.41638669993011634,0.000124372309626718,300.0,take_profit,0.6,ema_crossover
trade_180,LONG,3352.1820367368828,3338.2609670046177,0.014923403307334063,-0.20774973808411304,-6.197447984845806e-05,300.0,stop_loss,0.6,ema_crossover
trade_181,SHORT,3322.380017455062,3285.9782987913345,0.015056954798161118,0.5480990324951226,0.00016497180623996336,600.0,take_profit,0.6,ema_crossover
trade_182,LONG,3350.773591110691,3337.740557526431,0.014930183994829168,-0.19458558942378984,-5.8071840466932284e-05,300.0,stop_loss,0.6,ema_crossover
trade_183,SHORT,3497.812099860103,3509.114790290124,0.014302281507445988,-0.1616542603216747,-4.6215821692691885e-05,1200.0,stop_loss,0.6,ema_crossover
trade_184,LONG,3596.830759504787,3585.355056860823,0.013908323295126609,-0.15960778241098794,-4.4374560017653655e-05,3000.0,stop_loss,0.6,ema_crossover
trade_185,SHORT,3587.8666876418833,3551.749765539041,0.013942849987833628,0.5035728269022012,0.00014035438625317854,600.0,take_profit,0.6,ema_crossover
trade_186,LONG,3667.9482891430544,3660.0458502256815,0.013639124906517919,-0.10778235146017612,-2.93849157522767e-05,900.0,stop_loss,0.6,ema_crossover
trade_187,SHORT,3584.0211657818963,3552.921272055765,0.013958362308834056,0.4341035843955792,0.00012112193659461116,600.0,take_profit,0.6,ema_crossover
trade_188,LONG,3509.984216465883,3481.7261479698263,0.014253407818115122,-0.4027737744265271,-0.00011475087908858751,300.0,stop_loss,0.6,ema_crossover
trade_189,SHORT,3470.594911507946,3498.0965180723733,0.014414595733336947,-0.39642454064350396,-0.00011422380045825073,300.0,stop_loss,0.6,ema_crossover
trade_190,LONG,3498.0965180723733,3538.476620458937,0.014300703317479232,0.57746386415968,0.00016507945426214013,600.0,take_profit,0.6,ema_crossover
trade_191,SHORT,3588.9056154263935,3608.9748317347835,0.013939661044621025,-0.2797580727701366,-7.795080248631695e-05,1200.0,stop_loss,0.6,ema_crossover
trade_192,LONG,3617.637902926708,3597.9901384204663,0.013828561716844276,-0.27170032407258793,-7.510434470314993e-05,600.0,stop_loss,0.6,ema_crossover
trade_193,SHORT,3583.9654213356202,3605.1619210417975,0.013958106350689623,-0.29586299716118397,-8.255185594143541e-05,300.0,stop_loss,0.6,ema_crossover
trade_194,LONG,3605.1619210417975,3644.235060684055,0.01387562952477744,0.54216441004586,0.00015038559208158637,600.0,take_profit,0.6,ema_crossover
trade_195,SHORT,3592.6184325397694,3601.6032878318597,0.013924830302642325,-0.1251125852361551,-3.4824902111218046e-05,600.0,stop_loss,0.6,ema_crossover
trade_196,LONG,3607.653235875306,3594.006343095316,0.013866625526773342,-0.1892363517841501,-5.245414107496301e-05,300.0,stop_loss,0.6,ema_crossover
trade_197,SHORT,3575.750695034945,3583.202865773593,0.013990077759066806,-0.1042564481075337,-2.915652040627369e-05,2100.0,stop_loss,0.6,ema_crossover
trade_198,LONG,3596.3690425513323,3586.773450497431,0.013909726281273732,-0.1334720589765327,-3.7113004087546337e-05,300.0,stop_loss,0.6,ema_crossover
trade_199,SHORT,3517.2039148715135,3453.6735462811835,0.014222616270989807,0.9035680540148072,0.0002568995360758932,1800.0,take_profit,0.6,ema_crossover
trade_200,LONG,3496.6531760718476,3461.2927120599056,0.014307498327447146,-0.5059197797086149,-0.00014468686318983655,300.0,stop_loss,0.6,ema_crossover
trade_201,SHORT,3461.2927120599056,3486.043500489767,0.014452932482454073,-0.35772147406429494,-0.00010334909637024184,300.0,stop_loss,0.6,ema_crossover
trade_202,LONG,3486.043500489767,3474.966734742141,0.014349804084491139,-0.15894941836823898,-4.5595936581373e-05,600.0,stop_loss,0.6,ema_crossover
trade_203,SHORT,3574.237627814766,3589.321583813086,0.01399550106172808,-0.2111075221895487,-5.906365053814752e-05,1800.0,stop_loss,0.6,ema_crossover
trade_204,LONG,3600.3819492435873,3592.2479092358362,0.013893578982043374,-0.11301092729079036,-3.1388594011402896e-05,2400.0,stop_loss,0.6,ema_crossover
trade_205,SHORT,3551.2225725565645,3578.3448875414215,0.014085747908132799,-0.3820380915616681,-0.00010757931494184964,300.0,stop_loss,0.6,ema_crossover
trade_206,LONG,3602.9339598638344,3636.9204814725463,0.013883050949436551,0.47183661108787334,0.0001309589951811677,600.0,take_profit,0.6,ema_crossover
trade_207,SHORT,3768.3841043932657,3797.7882509409405,0.01327414444217175,-0.39031488847262147,-0.00010357619543548751,300.0,stop_loss,0.6,ema_crossover
trade_208,LONG,3797.7882509409405,3785.895955580935,0.013170856307869424,-0.1566317133573733,-4.124287690830741e-05,600.0,stop_loss,0.6,ema_crossover
trade_209,SHORT,3754.2928146718846,3718.520452915677,0.01332323892979633,0.4766037227610595,0.00012694900112705072,1200.0,take_profit,0.6,ema_crossover
trade_210,LONG,3629.503580896306,3606.5883421037875,0.013781973784015949,-0.3158172202929583,-8.701388860869154e-05,300.0,stop_loss,0.6,ema_crossover
trade_211,SHORT,3547.438347502769,3519.695122079503,0.014100356148547382,0.39118935917748215,0.00011027375837352077,300.0,take_profit,0.6,ema_crossover
trade_212,LONG,3522.767706678341,3491.2900544021395,0.01419965896893206,-0.44697192746468645,-0.00012688089726079087,300.0,stop_loss,0.6,ema_crossover
trade_213,SHORT,3943.3166801004472,3954.145561586619,0.012684719300983928,-0.13736132199570927,-3.48339565749029e-05,600.0,stop_loss,0.6,ema_crossover
trade_214,LONG,3878.006342119245,3841.066911203527,0.012898168280977501,-0.4764509961544713,-0.00012285977745309754,600.0,stop_loss,0.6,ema_crossover
trade_215,SHORT,3840.4254124964464,3860.7122653629945,0.013023764496927992,-0.26421119411775085,-6.879737678488121e-05,300.0,stop_loss,0.6,ema_crossover
trade_216,LONG,3860.7122653629945,3820.086512730068,0.012954986449812021,-0.5263060748729763,-0.00013632356899394356,300.0,stop_loss,0.6,ema_crossover
trade_217,SHORT,3820.086512730068,3788.676504805337,0.013092070922311141,0.41122205142093277,0.00010764731375862173,300.0,take_profit,0.6,ema_crossover
trade_218,LONG,3846.581214383798,3825.1397433867246,0.013002429138180963,-0.27879120725780837,-7.247766047816808e-05,300.0,stop_loss,0.6,ema_crossover
trade_219,SHORT,3785.410814576332,3804.8007160645975,0.013212173832140512,-0.25618274905104277,-6.767633992711438e-05,600.0,stop_loss,0.6,ema_crossover
trade_220,LONG,3812.2871416543126,3798.6515397164876,0.01311869304073445,-0.17888127624796946,-4.692229876743894e-05,300.0,stop_loss,0.6,ema_crossover
trade_221,SHORT,3762.4253191896955,3730.0582940713007,0.013292311779065806,0.43023258923455865,0.0001143498017197101,900.0,take_profit,0.6,ema_crossover
trade_222,LONG,3765.65235378475,3755.333529271122,0.01328149198393199,-0.13704938506135103,-3.639459307060212e-05,300.0,stop_loss,0.6,ema_crossover
trade_223,SHORT,3728.5053454826293,3752.7243078459987,0.013413631380396392,-0.3248642335579313,-8.712988274283402e-05,300.0,stop_loss,0.6,ema_crossover
trade_224,LONG,3718.7906898014767,3788.2801872687346,0.0134482352341383,0.9345111082417423,0.00025129435512586757,1200.0,take_profit,0.6,ema_crossover
trade_225,SHORT,3836.287776709952,3778.3180850645203,0.013037563251161807,0.7557835214776631,0.00019700907895023258,1200.0,take_profit,0.6,ema_crossover
trade_226,LONG,3712.845097563846,3751.1054424359054,0.013472046945600362,0.5154451622712423,0.00013882754295606016,600.0,take_profit,0.6,ema_crossover
trade_227,SHORT,3648.6571203124313,3660.8180855815936,0.013709756502866537,-0.16672387268003142,-4.569458493423876e-05,900.0,stop_loss,0.6,ema_crossover
trade_228,LONG,3519.729632282284,3510.714499098753,0.014211707229948536,-0.12812043344333515,-3.640064630767067e-05,1200.0,stop_loss,0.6,ema_crossover
trade_229,SHORT,3498.4597041777597,3437.8403862167484,0.014297928428522335,0.8667306695923788,0.0002477463635088762,1200.0,take_profit,0.6,ema_crossover
trade_230,LONG,3514.228945956222,3491.705382367879,0.014235003149500028,-0.32062299861802995,-9.123566038204958e-05,900.0,stop_loss,0.6,ema_crossover
trade_231,SHORT,3438.8688766456758,3404.2156674266444,0.014546485717580349,0.5040824129729639,0.0001465837841030605,1200.0,take_profit,0.6,ema_crossover
trade_232,LONG,3202.9911030874214,3190.3808817983204,0.015618519003253496,-0.19695298083905563,-6.149033028821375e-05,300.0,stop_loss,0.6,ema_crossover
trade_233,SHORT,3133.692946828522,3146.711122087895,0.015963591039302925,-0.20781682591860245,-6.631690770115977e-05,600.0,stop_loss,0.6,ema_crossover
trade_234,LONG,3147.844468460536,3183.8675141207354,0.015891494660234394,0.5724600377544383,0.00018185778982733597,600.0,take_profit,0.6,ema_crossover
trade_235,SHORT,3126.8184763703794,3092.1837526123218,0.015999270901088262,0.5541303279895211,0.00017721857926103767,900.0,take_profit,0.6,ema_crossover
trade_236,LONG,3031.8805211853437,3021.2688117282146,0.01650117350074802,-0.17510565889161603,-5.7754801902007914e-05,300.0,stop_loss,0.6,ema_crossover
trade_237,SHORT,3065.7396088590103,3085.1078865701197,0.01631864325357451,-0.3160640144037527,-0.0001030955184486081,2700.0,stop_loss,0.6,ema_crossover
trade_238,LONG,3093.9576335637776,3076.0677442572487,0.016169300485096638,-0.2892669958423822,-9.349416834424774e-05,300.0,stop_loss,0.6,ema_crossover
trade_239,SHORT,3054.4879592952307,3030.84856995557,0.01637776445575335,0.38716035048281033,0.0001267513100860744,600.0,take_profit,0.6,ema_crossover
trade_240,LONG,3093.313721006043,3067.1027137202836,0.016172824564252043,-0.42390602248492015,-0.0001370394537114886,300.0,stop_loss,0.6,ema_crossover
trade_241,SHORT,3067.1027137202836,3079.4603069657715,0.01631034408405348,-0.20155659788468128,-6.571563351401443e-05,900.0,stop_loss,0.6,ema_crossover
trade_242,LONG,3067.9485812166663,3092.9095535185165,0.016305518653472413,0.40700159947662723,0.00013266245789400464,600.0,take_profit,0.6,ema_crossover
trade_243,SHORT,3276.899459657225,3293.6870202450636,0.015266421336025033,-0.2562859731379902,-7.820989819589965e-05,1500.0,stop_loss,0.6,ema_crossover
trade_244,LONG,3304.8310546992143,3278.8373222757004,0.015137005665061832,-0.39346727495083056,-0.00011905821158130021,300.0,stop_loss,0.6,ema_crossover
trade_245,SHORT,3278.8373222757004,3298.799712650306,0.01525640772746862,-0.3045543667698773,-9.288486644360239e-05,300.0,stop_loss,0.6,ema_crossover
trade_246,LONG,3298.799712650306,3274.9822194758017,0.015163623331547287,-0.3611594951998818,-0.00010948209247590868,300.0,stop_loss,0.6,ema_crossover
trade_247,SHORT,3274.9822194758017,3312.1942825430433,0.0152733502471888,-0.56835287264646,-0.00017354380407519628,300.0,stop_loss,0.6,ema_crossover
trade_248,LONG,3312.1942825430433,3293.592105662951,0.015100898214401904,-0.2809095796325761,-8.481071932075759e-05,300.0,stop_loss,0.6,ema_crossover
trade_249,SHORT,3270.9400618793006,3281.6010598607086,0.015290926532714275,-0.16301653689912407,-4.983782454438001e-05,1200.0,stop_loss,0.6,ema_crossover
trade_250,LONG,3307.5742008187785,3342.7772924741466,0.015121320357391459,0.532317226491435,0.00016093886158613212,1200.0,take_profit,0.6,ema_crossover
trade_251,SHORT,3388.3752845729728,3402.966247573141,0.014761514437400874,-0.2153847109825672,-6.356577795948347e-05,300.0,stop_loss,0.6,ema_crossover
trade_252,LONG,3469.1116017774657,3432.8661002439853,0.014417660629128918,-0.5225753404422917,-0.00015063664719651575,300.0,stop_loss,0.6,ema_crossover
trade_253,SHORT,3412.398855793739,3381.0505245053896,0.014656510858155725,0.4594571579127577,0.00013464345093559878,900.0,take_profit,0.6,ema_crossover
trade_254,LONG,3325.171136850386,3365.4946121910125,0.015041679393218887,0.6065327880940696,0.00018240648770594697,1200.0,take_profit,0.6,ema_crossover
trade_255,SHORT,3332.6943242117045,3351.5765638052258,0.01500863444590298,-0.28339663157911626,-8.503529097171226e-05,300.0,stop_loss,0.6,ema_crossover
trade_256,LONG,3410.84672000042,3455.5777984746087,0.014664327644974053,0.6559511906585463,0.00019231330062772963,2100.0,take_profit,0.6,ema_crossover
trade_257,LONG,3612.7979998115056,3602.544976906275,0.013845516302720033,-0.14195839578652955,-3.929320039314019e-05,600.0,stop_loss,0.6,ema_crossover
trade_258,SHORT,3587.308198647251,3596.4234263384797,0.013943698462180618,-0.1270999863406088,-3.543046186790901e-05,300.0,stop_loss,0.6,ema_crossover
trade_259,LONG,3638.3118983327427,3683.6812239841747,0.013748053963112792,0.6237399373259255,0.00017143663181041582,1200.0,take_profit,0.6,ema_crossover
trade_260,SHORT,3720.8516822477845,3743.2291445247706,0.013443918566079875,-0.3008407805673252,-8.085266660927099e-05,300.0,stop_loss,0.6,ema_crossover
trade_261,LONG,3768.63443077026,3799.262826349138,0.013273063155259127,0.40653262886270236,0.0001078726621885722,600.0,take_profit,0.6,ema_crossover
trade_262,SHORT,3967.1330925377597,3980.4706983844017,0.012609447251955504,-0.16817983739060519,-4.239329346095147e-05,300.0,stop_loss,0.6,ema_crossover
trade_263,LONG,4009.2634275164187,3998.4610731148227,0.012476734312178142,-0.13477810581470076,-3.36166750455184e-05,1500.0,stop_loss,0.6,ema_crossover
trade_264,SHORT,3912.7281290131523,3863.1200532288153,0.012784389569827389,0.6342089666364841,0.0001620886874132093,900.0,take_profit,0.6,ema_crossover
trade_265,LONG,4000.416893652122,3991.8685712287765,0.012504949623210285,-0.10689634126689217,-2.672130033160187e-05,300.0,stop_loss,0.6,ema_crossover
trade_266,SHORT,4212.738910529804,4223.703928209293,0.011874573361338838,-0.13020490684346334,-3.090742379453287e-05,300.0,stop_loss,0.6,ema_crossover
trade_267,LONG,4329.754661367451,4376.260934972507,0.011553501325851048,0.5373102937564046,0.00012409716849561813,300.0,take_profit,0.6,ema_crossover
trade_268,SHORT,4523.866532238505,4544.782916952486,0.011058352941158324,-0.23130076442024783,-5.112899834067282e-05,300.0,stop_loss,0.6,ema_crossover
trade_269,LONG,4400.678324460674,4382.634849322145,0.01136764666263039,-0.2051118499407556,-4.660914404960356e-05,300.0,stop_loss,0.6,ema_crossover
trade_270,SHORT,4427.496730124045,4440.539491072244,0.011298558476341109,-0.14736439726616946,-3.328390877479897e-05,300.0,stop_loss,0.6,ema_crossover
trade_271,LONG,4512.512413179385,4503.331575174321,0.01108553047766224,-0.10177445951560987,-2.255383480350419e-05,300.0,stop_loss,0.6,ema_crossover
trade_272,SHORT,4427.940640773816,4382.975531081405,0.011297144445479685,0.5079773392020035,0.00011472090084595863,900.0,take_profit,0.6,ema_crossover
trade_273,LONG,4456.1431432361605,4432.732779877023,0.011226215876269596,-0.26280979281159045,-5.897696379222044e-05,300.0,stop_loss,0.6,ema_crossover
trade_274,SHORT,4404.810253377135,4445.31578205555,0.011356745915266237,-0.4600109973642835,-0.00010443378281995156,600.0,stop_loss,0.6,ema_crossover
trade_275,LONG,4445.31578205555,4426.44711898548,0.01125274631770844,-0.21232427888180566,-4.776359864891875e-05,1500.0,stop_loss,0.6,ema_crossover
trade_276,SHORT,4682.683406976234,4646.499750653794,0.010682112120085137,0.38651787375093777,8.254196155458763e-05,1200.0,take_profit,0.6,ema_crossover
trade_277,LONG,4711.979767369964,4663.967231610131,0.010616107079227102,-0.5097062207716038,-0.0001081724128573882,300.0,stop_loss,0.6,ema_crossover
trade_278,SHORT,4663.967231610131,4683.942155257607,0.010724846627444867,-0.21422799251409533,-4.593256810685993e-05,300.0,stop_loss,0.6,ema_crossover
trade_279,LONG,4683.942155257607,4656.663622001107,0.010678881257818133,-0.29130421753360586,-6.219210397520051e-05,900.0,stop_loss,0.6,ema_crossover
trade_280,SHORT,4656.663622001107,4669.586704332412,0.01074112489832429,-0.13880844139188045,-2.980856094824181e-05,600.0,stop_loss,0.6,ema_crossover
trade_281,LONG,4655.0247363100525,4692.0609089104755,0.010744757410427358,0.39794469000226185,8.548712682410036e-05,600.0,take_profit,0.6,ema_crossover
trade_282,SHORT,4960.240482039263,4915.036749229544,0.01008400730483861,0.4558347718591836,9.189771615100806e-05,600.0,take_profit,0.6,ema_crossover
trade_283,LONG,4796.914022021387,4769.978505996941,0.010427825097315532,-0.28087885000886126,-5.85540722054678e-05,300.0,stop_loss,0.6,ema_crossover
trade_284,SHORT,4729.974955520683,4739.999243218811,0.010575103780595618,-0.10600788273425493,-2.2411933198615726e-05,1200.0,stop_loss,0.6,ema_crossover
trade_285,LONG,4773.665994930867,4843.727123429799,0.010478203973204472,0.7341147950046962,0.00015378428146926266,300.0,take_profit,0.6,ema_crossover
trade_286,SHORT,4688.127804753254,4700.259932748731,0.010670169127661727,-0.12945185759018218,-2.76126980708444e-05,600.0,stop_loss,0.6,ema_crossover
trade_287,LONG,4769.59036789765,4753.08080671477,0.01048779149803,-0.17314883541001638,-3.630266376236777e-05,300.0,stop_loss,0.6,ema_crossover
trade_288,SHORT,4701.620984390976,4734.36370072857,0.010639225010143017,-0.34835712655894063,-7.409298361468518e-05,300.0,stop_loss,0.6,ema_crossover
trade_289,LONG,4803.629177671595,4841.789213793367,0.010412931541888592,0.397357843772003,8.272034103277919e-05,300.0,take_profit,0.6,ema_crossover
trade_290,LONG,4785.643368094258,4754.779522702831,0.010452481457859136,-0.32260377167212473,-6.741074226778252e-05,300.0,stop_loss,0.6,ema_crossover
trade_291,SHORT,4754.779522702831,4699.95444065904,0.010519990529790045,0.5767593438956399,0.00012130096488002537,600.0,take_profit,0.6,ema_crossover
trade_292,LONG,4551.930813616914,4525.082569990473,0.010989428749037834,-0.2950468603695849,-6.481795801618168e-05,300.0,stop_loss,0.6,ema_crossover
trade_293,SHORT,4431.645037411008,4447.339704677148,0.011287376062437068,-0.17715161160774023,-3.9974233069721035e-05,300.0,stop_loss,0.6,ema_crossover
trade_294,LONG,4508.381899337191,4490.660048347585,0.011095057932378556,-0.19662496339865468,-4.361320043174735e-05,300.0,stop_loss,0.6,ema_crossover
trade_295,SHORT,4476.471851080432,4488.550931282724,0.011173928239388646,-0.13497077537823157,-3.0151150251431895e-05,300.0,stop_loss,0.6,ema_crossover
trade_296,LONG,4514.207125392241,4484.287959383194,0.011080373360447643,-0.3315155300134587,-7.343826297838586e-05,3000.0,stop_loss,0.6,ema_crossover
trade_297,SHORT,4456.99090582351,4485.745761724704,0.011222244750990224,-0.3226940307026533,-7.240177005544725e-05,900.0,stop_loss,0.6,ema_crossover
trade_298,LONG,4515.001664435917,4474.3987259460355,0.011077698978918157,-0.4497871302504329,-9.962059013030889e-05,600.0,stop_loss,0.6,ema_crossover
trade_299,SHORT,4474.3987259460355,4495.236048311105,0.011177720953268366,-0.23291377481004677,-5.2054765137365155e-05,300.0,stop_loss,0.6,ema_crossover
trade_300,LONG,4519.38379204983,4484.175708625547,0.011066202412680337,-0.3896197777356551,-8.62108189220499e-05,300.0,stop_loss,0.6,ema_crossover
trade_301,SHORT,4484.175708625547,4499.854678130001,0.011152655688385228,-0.17486214843187267,-3.899538282933833e-05,600.0,stop_loss,0.6,ema_crossover
trade_302,LONG,4511.446442625775,4454.504722844275,0.011085046458996103,-0.6312016092330556,-0.00013991113875790143,600.0,stop_loss,0.6,ema_crossover
trade_303,SHORT,4454.4569489875175,4496.089173461216,0.01122615797579984,-0.4673699288256991,-0.00010492186459045937,300.0,stop_loss,0.6,ema_crossover
trade_304,LONG,4417.7263996645415,4401.404367574041,0.011318967276897492,-0.1847485471248427,-4.1819825496407275e-05,300.0,stop_loss,0.6,ema_crossover
trade_305,SHORT,4352.404512721017,4363.617115311949,0.011488632701121045,-0.12881747279085554,-2.959685213411425e-05,600.0,stop_loss,0.6,ema_crossover
trade_306,LONG,4350.423511380537,4397.272473387315,0.011493716093429727,0.5384686685777773,0.00012377385033185032,2100.0,take_profit,0.6,ema_crossover
trade_307,SHORT,4443.993697543468,4407.448793324305,0.011252316828661143,0.41121484074709824,9.253272365674321e-05,300.0,take_profit,0.6,ema_crossover
trade_308,LONG,4431.0640773084315,4402.808068998465,0.011285614532099517,-0.318886418002078,-7.196610395121609e-05,300.0,stop_loss,0.6,ema_crossover
trade_309,SHORT,4336.216357072948,4356.926611137527,0.011532101397542167,-0.23883274984158717,-5.507860544182005e-05,900.0,stop_loss,0.6,ema_crossover
trade_310,LONG,4386.181731569753,4376.012523364668,0.011400460721403135,-0.11593365870984136,-2.6431567546643886e-05,300.0,stop_loss,0.6,ema_crossover
trade_311,SHORT,4314.20862140447,4249.660099901929,0.011590518045723265,0.7481508032999578,0.0001734155366497786,600.0,take_profit,0.6,ema_crossover
trade_312,LONG,4328.967194996185,4373.053474056889,0.011551867080726162,0.5092788357930574,0.00011764442021684257,600.0,take_profit,0.6,ema_crossover
trade_313,SHORT,4507.053328660228,4535.758207088868,0.011095985864996398,-0.318508925300638,-7.066899414640793e-05,300.0,stop_loss,0.6,ema_crossover
trade_314,LONG,4607.339524123933,4591.325187073105,0.010854118135016605,-0.17382150620366643,-3.772708854937663e-05,300.0,stop_loss,0.6,ema_crossover
trade_315,SHORT,4591.325187073105,4605.8548301091605,0.010891787520569952,-0.1582537846984493,-3.446799741913587e-05,1200.0,stop_loss,0.6,ema_crossover
trade_316,LONG,4605.8548301091605,4594.215052009311,0.0108572564596728,-0.12637605596374937,-2.7438132686599288e-05,300.0,stop_loss,0.6,ema_crossover
trade_317,SHORT,4749.623552837608,4763.754498446236,0.01052847971422121,-0.14877737418319656,-3.132403495310933e-05,300.0,stop_loss,0.6,ema_crossover
trade_318,LONG,4834.565188110284,4878.6681228299,0.01034334410514239,0.4561718298516231,9.435633032180289e-05,600.0,take_profit,0.6,ema_crossover
trade_319,SHORT,4905.388346157037,4847.759880661597,0.010194473641968299,0.58749187252034,0.00011976459987731469,900.0,take_profit,0.6,ema_crossover
trade_320,LONG,4789.569597681402,4776.568356959404,0.010441604122860822,-0.13575380872512377,-2.834363421524165e-05,1200.0,stop_loss,0.6,ema_crossover
trade_321,SHORT,4741.207047236915,4767.0995633156745,0.01054797025115794,-0.2731134893263828,-5.7604210616692665e-05,600.0,stop_loss,0.6,ema_crossover
trade_322,LONG,4704.948187536309,4680.651325793601,0.010628968338878822,-0.2582505741973566,-5.4889143068881804e-05,300.0,stop_loss,0.6,ema_crossover
trade_323,SHORT,5068.824837992237,5090.00245781479,0.009865689911732225,-0.2089318302378657,-4.121898801313159e-05,1200.0,stop_loss,0.6,ema_crossover
trade_324,LONG,5101.695595005225,5083.688891401631,0.009801919475227985,-0.1765002587367295,-3.459639162115644e-05,300.0,stop_loss,0.6,ema_crossover
trade_325,SHORT,5032.492983284705,5046.436398565653,0.009936531868830204,-0.13854919029947488,-2.753092567831936e-05,1500.0,stop_loss,0.6,ema_crossover
trade_326,LONG,5129.546525194826,5115.04829006624,0.009748392750999002,-0.14133449022978883,-2.7553018485278438e-05,900.0,stop_loss,0.6,ema_crossover
trade_327,SHORT,5023.083362936282,5062.01120321725,0.00995486713571879,-0.387521477877516,-7.71481279281392e-05,900.0,stop_loss,0.6,ema_crossover
trade_328,LONG,4958.426924896027,4936.062951882111,0.010084284923353854,-0.22552467589053182,-4.54831097254218e-05,2100.0,stop_loss,0.6,ema_crossover
trade_329,SHORT,4844.189552605974,4801.948954579508,0.010321863278864233,0.4360016776466507,9.000508194649397e-05,1500.0,take_profit,0.6,ema_crossover
trade_330,LONG,4629.2059659228125,4580.574417822352,0.010801688806974841,-0.5253028487826011,-0.0001134757996618723,300.0,stop_loss,0.6,ema_crossover
trade_331,SHORT,4580.574417822352,4624.287766239255,0.010915795966222167,-0.47716599231928947,-0.00010417164940333807,900.0,stop_loss,0.6,ema_crossover
trade_332,LONG,4694.179424774618,4731.824542319898,0.01065111181289894,0.4009623561844945,8.541692166011441e-05,600.0,take_profit,0.6,ema_crossover
trade_333,SHORT,5085.336925362996,5113.262692094621,0.00983223638250792,-0.2745727396681138,-5.399302813127068e-05,600.0,stop_loss,0.6,ema_crossover
trade_334,LONG,5065.288135911873,5037.708233532985,0.009870882076122148,-0.2722379640529613,-5.374580018910454e-05,600.0,stop_loss,0.6,ema_crossover
trade_335,SHORT,4983.085547793894,5009.5499194767435,0.010033442171885098,-0.26552874289514455,-5.3286009310576484e-05,600.0,stop_loss,0.6,ema_crossover
trade_336,LONG,4550.813669237545,4529.763619876999,0.010986205252830847,-0.23126016285717826,-5.0817321838607425e-05,600.0,stop_loss,0.6,ema_crossover
trade_337,SHORT,4481.907867153852,4533.201801927318,0.011154851509378753,-0.5721762257297769,-0.00012766354032465335,600.0,stop_loss,0.6,ema_crossover
trade_338,LONG,4533.201801927318,4520.694574299706,0.011028001408283774,-0.13792972389103458,-3.042655719240051e-05,300.0,stop_loss,0.6,ema_crossover
trade_339,SHORT,4477.000122761964,4411.7288080756425,0.011166286539261622,0.7288382025817823,0.00016279610958155286,600.0,take_profit,0.6,ema_crossover
trade_340,LONG,4486.119170479963,4469.106048308937,0.011144400872599549,-0.18960105356842738,-4.226393601312696e-05,300.0,stop_loss,0.6,ema_crossover
trade_341,SHORT,4526.6522232909565,4483.835252660271,0.011044401011321337,0.4728877937352569,0.0001044674453456155,900.0,take_profit,0.6,ema_crossover
trade_342,LONG,4566.417345158336,4620.4631545995,0.010948742318700551,0.5917336409769007,0.00012958378445288227,900.0,take_profit,0.6,ema_crossover
trade_343,SHORT,4574.741657550862,4602.022811910355,0.010929466457949878,-0.29816846150622717,-6.517711464954174e-05,600.0,stop_loss,0.6,ema_crossover
trade_344,LONG,4573.405812769244,4563.635857059263,0.010932332861886654,-0.10680840786740607,-2.3354238009929077e-05,900.0,stop_loss,0.6,ema_crossover
trade_345,SHORT,4575.369062116069,4611.494987634439,0.010927525175973,-0.39476696060731825,-8.628090002093557e-05,600.0,stop_loss,0.6,ema_crossover
trade_346,LONG,4663.111683595217,4631.386950028155,0.01072148603189624,-0.3401362878048826,-7.294191322963137e-05,300.0,stop_loss,0.6,ema_crossover
trade_347,SHORT,4625.059097892721,4674.104623277126,0.010809329143962187,-0.5301492269185836,-0.00011462539519984322,300.0,stop_loss,0.6,ema_crossover
trade_348,LONG,4674.104623277126,4636.983891351658,0.010695339403467327,-0.39701882684800693,-8.494008133041053e-05,600.0,stop_loss,0.6,ema_crossover
trade_349,SHORT,4601.720492360113,4564.0388475703985,0.010863143544272974,0.4093411163349742,8.895392864789858e-05,900.0,take_profit,0.6,ema_crossover
trade_350,LONG,4672.310335282501,4634.40884915308,0.010699459876885399,-0.40552543011606684,-8.679334226876598e-05,300.0,stop_loss,0.6,ema_crossover
trade_351,SHORT,4687.229468928139,4699.399549173664,0.010664971636004173,-0.12979356062642142,-2.7690891066210636e-05,600.0,stop_loss,0.6,ema_crossover
trade_352,LONG,4540.410470777356,4528.269762520811,0.011009691897129274,-0.1336654573174908,-2.9439069039633803e-05,300.0,stop_loss,0.6,ema_crossover
trade_353,SHORT,4439.642989935903,4452.821874003046,0.011259430579392935,-0.14838673026786842,-3.342312222046727e-05,300.0,stop_loss,0.6,ema_crossover
trade_354,LONG,4485.375788768322,4454.398802611758,0.011144464246226922,-0.3452219146777009,-7.69661073977702e-05,600.0,stop_loss,0.6,ema_crossover
trade_355,SHORT,4427.90446904658,4449.032035581385,0.011288722317446463,-0.23850323185478628,-5.3863680556356044e-05,2400.0,stop_loss,0.6,ema_crossover
trade_356,LONG,4465.960205649381,4518.430932195552,0.011192260831132896,0.5872660575037861,0.00013149827371074696,600.0,take_profit,0.6,ema_crossover
trade_357,SHORT,4526.978224832156,4541.1185609047525,0.011042051746389534,-0.15613832262494642,-3.4490628156431096e-05,1500.0,stop_loss,0.6,ema_crossover
trade_358,LONG,4343.889980578084,4329.211727826287,0.011507277427664041,-0.16890672656830258,-3.8883748742141144e-05,900.0,stop_loss,0.6,ema_crossover
trade_359,SHORT,4307.020587727959,4316.9461308573345,0.011605587103658983,-0.11519175533909609,-2.6745113702802638e-05,900.0,stop_loss,0.6,ema_crossover
trade_360,LONG,4357.307467460985,4331.756374680507,0.011471516986722762,-0.29310979486058303,-6.726855909284246e-05,600.0,stop_loss,0.6,ema_crossover
trade_361,SHORT,4295.303256214785,4305.823363801501,0.011636771165821251,-0.12242008462643672,-2.8500917705707892e-05,300.0,stop_loss,0.6,ema_crossover
trade_362,LONG,4249.867633204006,4294.00464479221,0.011761036647222061,0.5190970107877283,0.0001221442773257334,900.0,take_profit,0.6,ema_crossover
trade_363,SHORT,4404.581187177202,4417.968825533286,0.011348512455742402,-0.15192978063699059,-3.449358160982361e-05,900.0,stop_loss,0.6,ema_crossover
trade_364,LONG,4497.424846707354,4445.659859084857,0.01111406783210633,-0.5753195837645745,-0.00012792200056122702,300.0,stop_loss,0.6,ema_crossover
trade_365,SHORT,4412.984495175171,4375.415476856061,0.011326078365521908,0.425509645597968,9.642219365673924e-05,300.0,take_profit,0.6,ema_crossover
trade_366,LONG,4310.260341881598,4298.625243016423,0.011596500397141942,-0.13492642861078497,-3.130354500857929e-05,600.0,stop_loss,0.6,ema_crossover
trade_367,SHORT,4242.39354537258,4209.43320701877,0.0117818539462921,0.38833389250495537,9.153650842424396e-05,600.0,take_profit,0.6,ema_crossover
trade_368,LONG,4297.911543751826,4281.225638735455,0.011630114369478256,-0.19405898369864777,-4.5151925934996233e-05,1500.0,stop_loss,0.6,ema_crossover
trade_369,SHORT,4431.786714369712,4448.68246858346,0.01127857357095869,-0.1905600069365893,-4.299846071533944e-05,600.0,stop_loss,0.6,ema_crossover
trade_370,LONG,4403.108123131067,4443.259998188166,0.011351817468710739,0.4557967566746623,0.00010351704839592798,300.0,take_profit,0.6,ema_crossover
trade_371,SHORT,4409.860097710115,4424.853677131832,0.011334953396485416,-0.16995152399166705,-3.853898314822207e-05,300.0,stop_loss,0.6,ema_crossover
trade_372,LONG,4424.853677131832,4459.432912391537,0.011296352960386398,0.39061924659386116,8.827845508488285e-05,1500.0,take_profit,0.6,ema_crossover
trade_373,SHORT,4385.05700018516,4403.307503824532,0.011399318647184537,-0.2080433064568054,-4.744369490476879e-05,600.0,stop_loss,0.6,ema_crossover
trade_374,LONG,4461.168366933062,4499.352089280525,0.011204603301939335,0.42783346149472,9.590166214435982e-05,600.0,take_profit,0.6,ema_crossover
trade_375,SHORT,4779.133307758334,4741.119911555097,0.01045958707634374,0.3976044276553107,8.319592738914583e-05,900.0,take_profit,0.6,ema_crossover
trade_376,LONG,4875.289198861294,4913.940507648225,0.01025369920942684,0.39631889435187345,8.129136102211955e-05,600.0,take_profit,0.6,ema_crossover
trade_377,SHORT,4894.216180680182,4913.489267282794,0.010214450844223911,-0.19686399571884383,-4.022380468111736e-05,600.0,stop_loss,0.6,ema_crossover
trade_378,LONG,4972.820064025457,5011.80500042364,0.010052796126734842,0.39190761762465803,7.880993331325406e-05,600.0,take_profit,0.6,ema_crossover
trade_379,SHORT,5016.947392823204,5036.5524765258415,0.009964765803242752,-0.1953600676497568,-3.894002714264484e-05,300.0,stop_loss,0.6,ema_crossover
trade_380,LONG,5029.008454209559,5006.400801867645,0.009940673091231025,-0.22473528129117273,-4.4687791507500215e-05,300.0,stop_loss,0.6,ema_crossover
trade_381,SHORT,4965.759128701053,4993.887832923634,0.010067062063279017,-0.28317341116834444,-5.702520074557405e-05,300.0,stop_loss,0.6,ema_crossover
trade_382,LONG,5001.961396041916,4990.15112839211,0.009993917488533352,-0.11803084040965198,-2.3596911504165257e-05,300.0,stop_loss,0.6,ema_crossover
trade_383,SHORT,4966.4838117517165,4995.713647553788,0.010065189219058098,-0.29420382818984997,-5.923785103128768e-05,900.0,stop_loss,0.6,ema_crossover
trade_384,LONG,5050.0405810794955,5033.641332843611,0.00989836170560906,-0.1623256907388555,-3.214344283628643e-05,300.0,stop_loss,0.6,ema_crossover
trade_385,SHORT,5158.970072403328,5181.058578622938,0.009689204622152222,-0.21402005655947723,-4.148503549270932e-05,300.0,stop_loss,0.6,ema_crossover
trade_386,LONG,5267.810106788147,5311.601152488,0.009488809497210442,0.41552489032953666,7.888000552527275e-05,600.0,take_profit,0.6,ema_crossover
trade_387,SHORT,5235.97462635481,5175.685215470079,0.009546899624692112,0.5755769541483498,0.00010992737651004544,1200.0,take_profit,0.6,ema_crossover
trade_388,LONG,5116.725349013337,5105.101660378135,0.009769960017426882,-0.11356297322093974,-2.219446334809395e-05,2400.0,stop_loss,0.6,ema_crossover
trade_389,SHORT,5064.308175065082,5101.67537436711,0.009870970039161644,-0.36885050475770015,-7.283334505072058e-05,300.0,stop_loss,0.6,ema_crossover
trade_390,LONG,5131.083503020176,5106.244562123699,0.009742150947884984,-0.24198471159906998,-4.716054834356853e-05,300.0,stop_loss,0.6,ema_crossover
trade_391,SHORT,5081.776444246103,5121.638022853727,0.009836438229325272,-0.39209595569729033,-7.715726183532636e-05,300.0,stop_loss,0.6,ema_crossover
trade_392,LONG,5121.638022853727,5102.614080728731,0.00975949869675436,-0.18566413837603088,-3.625092939945424e-05,300.0,stop_loss,0.6,ema_crossover
trade_393,SHORT,5062.7692333395225,5095.634646490813,0.009872796681990226,-0.3244735419122972,-6.40901307086175e-05,1200.0,stop_loss,0.6,ema_crossover
trade_394,LONG,5190.167989562994,5146.36001282711,0.009630144731615038,-0.4218771563657878,-8.128391166030628e-05,1200.0,stop_loss,0.6,ema_crossover
trade_395,SHORT,5102.028260312231,5056.170515873217,0.009796096176865669,0.449226874978716,8.80486841817737e-05,300.0,take_profit,0.6,ema_crossover
trade_396,LONG,4974.197304712167,4949.655849252002,0.010048295756609994,-0.24659980276141624,-4.957579839621697e-05,300.0,stop_loss,0.6,ema_crossover
trade_397,SHORT,4939.283793297011,4972.902847648542,0.010119072878196302,-0.3401936610791878,-6.887509916738472e-05,900.0,stop_loss,0.6,ema_crossover
trade_398,LONG,5013.345834138357,4993.23093266077,0.009969244763013814,-0.20053037621396805,-3.999931041031667e-05,300.0,stop_loss,0.6,ema_crossover
trade_399,SHORT,4952.749615727827,4910.042121699983,0.010091014674267023,0.43096194893614914,8.701468525030968e-05,600.0,take_profit,0.6,ema_crossover
trade_400,LONG,4757.198446708588,4725.089169145173,0.010506272635022197,-0.33734882419483136,-7.091333859074902e-05,900.0,stop_loss,0.6,ema_crossover
trade_401,SHORT,4663.230358719299,4610.181057324792,0.010717621320691016,0.5685623236735317,0.00012192456300393458,900.0,take_profit,0.6,ema_crossover
trade_402,LONG,4759.729219811228,4806.615962118204,0.010500929279650116,0.49235436511873387,0.00010344167543595279,300.0,take_profit,0.6,ema_crossover
trade_403,SHORT,4643.579525262684,4668.449681897532,0.01076411880692836,-0.2677053207644234,-5.765063768328152e-05,1200.0,stop_loss,0.6,ema_crossover
trade_404,LONG,4761.027111613669,4816.627522967223,0.01049830257232098,0.5837099415351172,0.0001226016840171445,1500.0,take_profit,0.6,ema_crossover
trade_405,SHORT,4866.76950130785,4897.210993715099,0.010270801135952445,-0.3126585147964599,-6.424354280851785e-05,900.0,stop_loss,0.6,ema_crossover
trade_406,LONG,4582.381569403898,4569.888560596163,0.010907877851904769,-0.1362722140775377,-2.9738294817571196e-05,300.0,stop_loss,0.6,ema_crossover
trade_407,SHORT,4452.849096967664,4383.762514356162,0.011225032777967946,0.7754991543319038,0.00017415796885189962,300.0,take_profit,0.6,ema_crossover
trade_408,LONG,4422.509160594019,4479.010666014805,0.011302917133554228,0.6386318336922101,0.000144404863958819,2100.0,take_profit,0.6,ema_crossover
trade_409,SHORT,4317.11222120753,4282.015344128505,0.011579603485443889,0.406407920152474,9.413883617757766e-05,900.0,take_profit,0.6,ema_crossover
trade_410,LONG,4303.474934879165,4336.742003167327,0.01161677028909002,0.38645589049505596,8.980089261421644e-05,600.0,take_profit,0.6,ema_crossover
trade_411,SHORT,4265.405504547864,4225.491908029533,0.01172090484468482,0.4678234668005052,0.00010967854434981669,300.0,take_profit,0.6,ema_crossover
trade_412,LONG,4334.334073699845,4309.290797497294,0.011535047901246908,-0.28887539060058454,-6.664815994536311e-05,300.0,stop_loss,0.6,ema_crossover
trade_413,LONG,4305.760777656439,4287.3486539197365,0.0116112597436017,-0.21378795113818816,-4.965160912969943e-05,300.0,stop_loss,0.6,ema_crossover
trade_414,SHORT,4248.7044044694885,4216.401922061001,0.0117669371846235,0.3801012814080813,8.946286802353867e-05,600.0,take_profit,0.6,ema_crossover
trade_415,LONG,4365.184218954916,4344.046636619231,0.011453385663023051,-0.2420968824745014,-5.546086266491238e-05,1800.0,stop_loss,0.6,ema_crossover
trade_416,SHORT,4452.249869280858,4492.971561420093,0.011229137926505386,-0.45726949763216596,-0.00010270526386831602,300.0,stop_loss,0.6,ema_crossover
trade_417,LONG,4492.971561420093,4541.251839444338,0.01112685465165308,0.5372076361171698,0.00011956622221471943,600.0,take_profit,0.6,ema_crossover
trade_418,SHORT,4580.5044912774965,4597.013385280777,0.010914808107123834,-0.18019141010665018,-3.9338769441178966e-05,300.0,stop_loss,0.6,ema_crossover
